File,Lines,Type
\src\contexts\TikTokContext.js,1680,.js
\src\app\tiktok-downloader\page.js,1061,.js
\src\components\ScheduleUploadForm.js,866,.js
\src\app\home\page.js,601,.js
\src\components\YouTubeConnectionStatus.js,506,.js
\src\app\api\cron\process-scheduled-uploads\route.js,425,.js
\src\components\QueueDataTable.jsx,422,.jsx
\src\utils\refreshToken.js,352,.js
\src\utils\apiHelpers.js,334,.js
\src\app\api\drive-changes\route.js,329,.js
\src\contexts\YouTubeChannelContext.js,310,.js
\src\app\api\process-single-video\route.js,309,.js
\src\components\Navbar.js,304,.js
\src\utils\driveHelpers.js,303,.js
\src\components\ProcessingStats.jsx,293,.jsx
\src\utils\supabase-server.js,292,.js
\src\app\uploads\page.js,291,.js
\supabase\functions\process-single-video\index.ts,258,.ts
\src\app\page.js,244,.js
\src\app\api\drive-folder-files\route.js,221,.js
\src\app\api\auto-upload-videos\route.js,216,.js
\src\components\VideoQueueStatus.jsx,200,.jsx
\src\app\api\youtube\connection-status\route.js,198,.js
\src\app\api\upload\route.js,196,.js
\src\app\api\drive-folders\route.js,187,.js
\supabase\functions\process-videos\index.ts,187,.ts
\src\components\ScheduledUploadList.js,185,.js
\src\contexts\UploadContext.js,182,.js
\src\app\api\youtube\videos\route.js,173,.js
\src\app\api\refresh-session\route.js,173,.js
\src\app\api\schedule-upload\route.js,172,.js
\src\components\Header.js,169,.js
\src\components\AuthErrorBanner.js,161,.js
\src\components\FileListItem.js,158,.js
\src\app\admin\schema-update\page.js,148,.js
\src\hooks\useTikTokVideos.js,141,.js
\src\app\api\drive\upload-file\route.js,140,.js
\src\components\AutoRefresh.js,139,.js
\src\components\JsonSampleDialog.js,138,.js
\src\contexts\DriveContext.js,136,.js
\src\app\api\drive-files\route.js,135,.js
\src\utils\stats-helpers.js,131,.js
\src\components\PageContainer.js,129,.js
\src\app\debug\page.js,126,.js
\src\contexts\ScheduledUploadsContext.js,125,.js
\src\app\api\check-new-videos\route.js,122,.js
\supabase\functions\process-cron\index.ts,121,.ts
\src\app\api\drive\list-files\route.js,121,.js
\src\app\api\process-videos\route.js,115,.js
\src\app\api\drive\list-folders\route.js,115,.js
\src\app\api\trigger-processing\route.js,113,.js
\src\utils\titleHelpers.js,108,.js
\next.config.js,101,.js
\src\hooks\useAuth.js,99,.js
\src\contexts\ThemeContext.js,99,.js
\src\hooks\useDataFetching.js,98,.js
\src\components\SelectDayEditor.js,93,.js
\src\app\api\drive\check-processing\route.js,90,.js
\src\contexts\UserContext.js,88,.js
\src\app\api\cron\process-video-batch\route.js,87,.js
\src\components\ui\table.jsx,84,.jsx
\src\app\api\scheduled-uploads\route.js,84,.js
\src\app\api\auth\schema-update\route.js,84,.js
\src\app\api\auth\refresh\route.js,81,.js
\src\components\QuotaErrorMessage.jsx,81,.jsx
\src\utils\video-queue.js,80,.js
\src\components\RefreshButton.js,80,.js
\src\utils\googleAuth.js,80,.js
\src\app\api\drive\debug\route.js,79,.js
\src\app\api\upload-logs\route.js,79,.js
\src\components\DriveThumbnail.js,78,.js
\src\app\api\drive-refreshtoken\route.js,78,.js
\src\components\UploadProgress.js,76,.js
\src\components\ui\tabs.jsx,75,.jsx
\src\app\api\drive\check-file-exists\route.js,75,.js
\src\hooks\useSupabaseUser.js,74,.js
\src\app\api\user\route.js,73,.js
\src\app\api\drive\check-folder\route.js,72,.js
\src\app\api\auth\debug\route.js,69,.js
\src\utils\api-config.js,67,.js
\src\app\api\drive\create-folder\route.js,64,.js
\src\app\providers.js,60,.js
\src\contexts\UploadLogsContext.js,57,.js
\src\utils\supabase.js,56,.js
\src\app\api\drive\route.js,53,.js
\src\components\ThemeToggle.js,51,.js
\src\components\QueueVideoButton.jsx,51,.jsx
\src\app\api\tiktok-videos\route.js,50,.js
\src\components\ui\card.jsx,47,.jsx
\src\app\layout.js,44,.js
\src\components\ThemeToggleDebug.js,44,.js
\src\components\ui\toast.js,41,.js
\src\components\ui\tooltip.js,40,.js
\src\utils\supabase-client.js,38,.js
\src\contexts\YouTubeContext.js,37,.js
\src\components\ui\button.jsx,36,.jsx
\src\components\DashboardHeader.jsx,36,.jsx
\src\app\api\tiktok\videos\route.js,35,.js
\src\auth.js,35,.js
\src\app\api\tiktok-download\route.js,30,.js
\src\components\ui\badge.jsx,29,.jsx
\src\components\ToastHelper.js,29,.js
\src\app\api\tiktok-direct-download\route.js,26,.js
\src\utils\fileHelpers.js,21,.js
\src\components\ui\input.jsx,20,.jsx
\src\middleware.js,17,.js
\src\components\ClientOnly.js,14,.js
\src\utils\supabase-unified.js,8,.js
\src\components\ui\session-provider.js,5,.js
\src\lib\utils.js,5,.js
\src\components\ui\theme-provider.js,5,.js
\next-env.d.ts,4,.ts
,17653,
